<?xml version="1.0" encoding="UTF-8"?>
<project-private xmlns="http://www.netbeans.org/ns/project-private/1">
    <editor-bookmarks xmlns="http://www.netbeans.org/ns/editor-bookmarks/2" lastBookmarkId="1">
        <file>
            <url>web/WEB-INF/ADMIN/TemplateForTable.jsp</url>
            <bookmark id="1">
                <name/>
                <line>0</line>
                <key/>
            </bookmark>
        </file>
    </editor-bookmarks>
    <open-files xmlns="http://www.netbeans.org/ns/projectui-open-files/2">
        <group>
            <file>file:/home/mahatoky/NetBeansProjects/HopeTechSchool/web/WEB-INF/ADMIN/ResultFind.jsp</file>
            <file>file:/home/mahatoky/NetBeansProjects/HopeTechSchool/web/WEB-INF/ADMIN/TemplateForTable.jsp</file>
            <file>file:/home/mahatoky/NetBeansProjects/HopeTechSchool/src/java/service/ServiceFInd.java</file>
            <file>file:/home/mahatoky/NetBeansProjects/HopeTechSchool/web/WEB-INF/ADMIN/Template.jsp</file>
            <file>file:/home/mahatoky/NetBeansProjects/HopeTechSchool/src/java/servlet/Information.java</file>
            <file>file:/home/mahatoky/NetBeansProjects/HopeTechSchool/src/java/servlet/Deconnexion.java</file>
            <file>file:/home/mahatoky/NetBeansProjects/HopeTechSchool/src/java/modele/Ecole.java</file>
            <file>file:/home/mahatoky/NetBeansProjects/HopeTechSchool/web/META-INF/data/data.sql</file>
            <file>file:/home/mahatoky/NetBeansProjects/HopeTechSchool/src/java/servlet/Back.java</file>
        </group>
    </open-files>
</project-private>
